id,d,first_name,fn_initial,mn_initial,last_name
133315,3,R,R,"",Meyer
148144,3,R,R,"",Meyer
252967,3,A,A,"",Lefebvre
1486,4,A,A,"",Lefebvre
53291,7,A,A,"",Lefebvre
53302,6,A,A,"",Lefebvre
189929,2,A,A,"",Lefebvre
288164,2,A,A,"",Lefebvre
302254,0,A,A,"",Lefebvre
86334,10,A,A,"",Lefebvre
27114,5,A,A,"",Lefebvre
194779,9,A,A,"",Lefebvre
251284,7,A,A,"",Lefebvre
311742,0,A,A,"",Lefebvre
316486,2,A,A,"",Lefebvre
134412,0,A,A,"",Lefebvre
284684,2,A,A,"",Lefebvre
10316,3,A,A,"",Lefebvre
184533,2,A,A,"",Lefebvre
194936,0,A,A,"",Lefebvre
283064,0,A,A,"",Lefebvre
222840,0,A,A,"",Lefebvre
121893,4,A,A,"",Lefebvre
207714,2,A,A,"",Lefebvre
176733,5,A,A,"",Lefebvre
77639,0,A,A,"",Lefebvre
209077,5,A,A,"",Lefebvre
1697,10,A,A,"",Lefebvre
86931,12,A,A,"",Lefebvre
168716,13,A,A,"",Lefebvre
22956,2,A,A,"",Lefebvre
221719,4,F,F,"",Rodriguez
134213,2,F,F,"",Rodriguez
184756,7,F,F,"",Rodriguez
305434,0,F,F,"",Rodriguez
217428,2,F,F,"",Rodriguez
217430,3,F,F,"",Rodriguez
48329,4,F,F,"",Rodriguez
66903,3,F,F,"",Rodriguez
98262,1,F,F,"",Rodriguez
143630,0,F,F,"",Rodriguez
159363,1,F,F,"",Rodriguez
219973,1,F,F,"",Rodriguez
303477,2,F,F,"",Rodriguez
200531,3,F,F,"",Rodriguez
50512,4,F,F,"",Rodriguez
83835,1,F,F,"",Rodriguez
135839,1,F,F,"",Rodriguez
124290,2,F,F,"",Rodriguez
187516,2,F,F,"",Rodriguez
82351,5,F,F,"",Rodriguez
170377,0,F,F,"",Rodriguez
222731,2,F,F,"",Rodriguez
76585,3,F,F,"",Rodriguez
197926,0,F,F,"",Rodriguez
245462,3,F,F,"",Rodriguez
315227,1,F,F,"",Rodriguez
316184,4,F,F,"",Rodriguez
30426,8,F,F,"",Rodriguez
314247,2,W,W,"",Liu
150342,0,W,W,"",Liu
65834,1,W,W,"",Liu
74472,0,W,W,"",Liu
106068,0,W,W,"",Liu
147773,0,W,W,"",Liu
26129,2,W,W,"",Liu
6362,0,W,W,"",Liu
38593,1,W,W,"",Liu
87830,2,W,W,"",Liu
102266,4,W,W,"",Liu
271334,1,W,W,"",Liu
240076,0,W,W,"",Liu
281805,4,W,W,"",Liu
88215,23,R,R,"",Meyer
170485,6,R,R,"",Meyer
187240,26,R,R,"",Meyer
244383,5,R,R,"",Meyer
9057,4,R,R,"",Meyer
259506,0,R,R,"",Meyer
61989,0,R,R,"",Meyer
142307,0,R,R,"",Meyer
301030,0,R,R,"",Meyer
71715,5,R,R,"",Meyer
284535,11,R,R,"",Meyer
99538,4,R,R,"",Meyer
116644,2,R,R,"",Meyer
177048,3,R,R,"",Meyer
120801,2,R,R,"",Meyer
106719,3,M,M,"",Morel
133582,3,M,M,"",Morel
178778,1,M,M,"",Morel
275781,4,M,M,"",Morel
316721,4,M,M,"",Morel
78633,1,M,M,"",Morel
79684,3,M,M,"",Morel
115329,3,M,M,"",Morel
188997,0,M,M,"",Morel
29233,1,M,M,"",Morel
223905,0,M,M,"",Morel
236338,0,M,M,"",Morel
295650,0,M,M,"",Morel
297916,0,M,M,"",Morel
6824,2,M,M,"",Morel
150372,2,M,M,"",Morel
81734,2,M,M,"",Morel
18747,2,M,M,"",Morel
19517,1,M,M,"",Morel
75680,1,M,M,"",Morel
249638,0,M,M,"",Morel
260939,0,M,M,"",Morel
103867,1,M,M,"",Morel
306257,0,M,M,"",Morel
113968,54,M,M,"",Morel
178933,690,M,M,"",Morel
149100,3,M,M,"",Morel
302835,1,M,M,"",Morel
137542,2,D,D,"",Zighed
140398,2,D,D,"",Zighed
153523,1,D,D,A,Zighed
214700,2,D,D,"",Zighed
214780,2,D,D,"",Zighed
219345,1,D,D,A,Zighed
219350,2,D,D,"",Zighed
223321,2,D,D,"",Zighed
302866,1,D,D,A,Zighed
304268,1,D,D,A,Zighed
306485,1,D,D,A,Zighed
134269,0,J,J,L,Velcin
214700,1,J,J,"",Velcin
313152,2,J,J,"",Velcin
313182,1,J,J,"",Velcin
11412,4,G,G,"",Pujolle
19895,2,G,G,"",Pujolle
25814,1,G,G,"",Pujolle
52838,3,G,G,"",Pujolle
55857,2,G,G,"",Pujolle
86638,2,G,G,"",Pujolle
103612,3,G,G,"",Pujolle
140395,1,G,G,"",Pujolle
142619,2,G,G,"",Pujolle
147304,2,G,G,"",Pujolle
147329,2,G,G,"",Pujolle
147365,1,G,G,"",Pujolle
150137,1,G,G,"",Pujolle
150879,2,G,G,"",Pujolle
150881,3,G,G,"",Pujolle
150970,3,G,G,"",Pujolle
151141,3,G,G,"",Pujolle
151429,1,G,G,"",Pujolle
151430,2,G,G,"",Pujolle
152054,2,G,G,"",Pujolle
152807,2,G,G,"",Pujolle
152848,1,G,G,"",Pujolle
153383,2,G,G,"",Pujolle
153840,2,G,G,"",Pujolle
158267,0,G,G,"",Pujolle
158268,2,G,G,"",Pujolle
167194,2,G,G,"",Pujolle
186440,2,G,G,"",Pujolle
194986,2,G,G,"",Pujolle
205880,1,G,G,"",Pujolle
205881,1,G,G,"",Pujolle
207056,1,G,G,"",Pujolle
217248,2,G,G,"",Pujolle
218771,2,G,G,"",Pujolle
218776,3,G,G,"",Pujolle
218779,1,G,G,"",Pujolle
219700,3,G,G,"",Pujolle
220065,4,G,G,"",Pujolle
220304,2,G,G,"",Pujolle
221244,2,G,G,"",Pujolle
222894,3,G,G,"",Pujolle
222900,3,G,G,"",Pujolle
223729,1,G,G,"",Pujolle
227369,2,G,G,"",Pujolle
227379,2,G,G,"",Pujolle
227381,2,G,G,"",Pujolle
227752,4,G,G,"",Pujolle
227913,3,G,G,"",Pujolle
228122,1,G,G,"",Pujolle
228215,3,G,G,"",Pujolle
228239,1,G,G,"",Pujolle
228281,2,G,G,"",Pujolle
228284,2,G,G,"",Pujolle
228287,3,G,G,"",Pujolle
228878,3,G,G,"",Pujolle
228882,2,G,G,"",Pujolle
228886,3,G,G,"",Pujolle
229262,3,G,G,"",Pujolle
229418,2,G,G,"",Pujolle
230891,2,G,G,"",Pujolle
231849,2,G,G,"",Pujolle
231931,1,G,G,"",Pujolle
233382,1,G,G,"",Pujolle
233393,3,G,G,"",Pujolle
233398,2,G,G,"",Pujolle
233402,2,G,G,"",Pujolle
233517,2,G,G,"",Pujolle
233541,1,G,G,"",Pujolle
233566,3,G,G,"",Pujolle
233587,3,G,G,"",Pujolle
234226,3,G,G,"",Pujolle
245394,1,G,G,"",Pujolle
251377,2,G,G,"",Pujolle
258464,6,G,G,"",Pujolle
258465,1,G,G,"",Pujolle
269742,2,G,G,"",Pujolle
273865,2,G,G,"",Pujolle
288632,7,G,G,"",Pujolle
290559,3,G,G,"",Pujolle
291841,2,G,G,"",Pujolle
303959,2,G,G,"",Pujolle
312278,4,G,G,"",Pujolle
312520,3,G,G,"",Pujolle
313134,1,G,G,"",Pujolle
315689,1,G,G,"",Pujolle
317460,1,G,G,"",Pujolle
317468,3,G,G,"",Pujolle
317469,2,G,G,"",Pujolle
172333,1,S,S,"",Pujolle
18292,0,N,N,"",Louvet
56041,3,N,N,"",Louvet
186885,1,N,N,"",Louvet
254235,1,N,N,"",Louvet
272162,0,N,N,"",Louvet
288165,1,N,N,"",Louvet
297586,2,N,N,"",Louvet
198699,2,N,N,"",Louvet
237402,5,N,N,"",Louvet
2689,0,N,N,"",Louvet
2692,1,N,N,"",Louvet
73767,3,N,N,"",Louvet
146775,1,N,N,"",Louvet
248706,2,N,N,"",Louvet
2691,0,F,F,"",de Dinechin
90574,1,F,F,"",De Dinechin
144929,0,F,F,"",de Dinechin
145159,2,F,F,"",De Dinechin
146777,1,F,F,"",de Dinechin
148046,1,F,F,"",de Dinechin
154082,1,F,F,"",de Dinechin
225306,0,F,F,"",de Dinechin
229074,1,F,F,"",de Dinechin
302885,0,F,F,"",de Dinechin
302886,0,F,F,"",de Dinechin
13902,1,G,G,"",de Dinechin
156071,1,G,G,"",de Dinechin
179548,3,G,G,"",de Dinechin
280247,5,G,G,"",De Dinechin
216761,3,B,B,D,de Dinechin
218782,0,B,B,D,de Dinechin
300083,3,B,B,D,de Dinechin
40271,3,M,M,"",de Dinechin
81321,0,M,M,"",de Dinechin
283324,0,M,M,"",de Dinechin
14025,1,N,N,"",Boussaid
27699,0,N,N,"",Boussaid
226358,0,N,N,"",Boussaid
121133,0,O,O,"",Boussaid
137537,2,O,O,"",Boussaid
139541,2,O,O,"",Boussaid
146793,5,O,O,"",Boussaid
149361,1,O,O,"",Boussaid
220634,2,O,O,"",Boussaid
58907,4,B,B,"",Boussaid
312565,0,B,B,"",Boussaid
71906,5,A,A,"",Boussaid
93134,2,M,M,"",Boussaid
133868,4,M,M,"",Boussaid
125155,0,L,L,"",Boussaid
113249,2,S,S,"",Boussaid
25453,0,S,S,"",Boussaid-Om Ezzine
18535,10,J,J,M,Muller
27815,0,J,J,M,Muller
164252,2,J,J,M,Muller
164832,2,J,J,M,Muller
223383,0,J,J,M,Muller
4274,3,J,J,M,Muller
81659,3,J,J,M,Muller
169270,9,J,J,M,Muller
212837,3,J,J,M,Muller
6965,10,C,C,"",Daumas-Duport
50922,8,C,C,"",Daumas-Duport
57201,6,C,C,"",Daumas-Duport
65108,14,C,C,"",Daumas-Duport
72814,7,C,C,"",Daumas-Duport
91879,7,C,C,"",Daumas-Duport
156939,4,C,C,"",Daumas-Duport
192033,5,C,C,"",Daumas-Duport
196015,4,C,C,"",Daumas-Duport
196050,8,C,C,"",Daumas-Duport
212151,3,C,C,"",Daumas-Duport
230414,4,C,C,"",Daumas-Duport
251147,8,C,C,"",Daumas-Duport
251185,4,C,C,"",Daumas-Duport
262418,11,C,C,"",Daumas-Duport
295326,7,C,C,"",Daumas-Duport
314840,6,C,C,"",Daumas-Duport
32111,1,S,S,"",Daumas
106385,0,S,S,"",Daumas
177081,2,S,S,"",Daumas
261383,0,S,S,"",Daumas
73766,0,M,M,"",Daumas
147519,1,M,M,"",Daumas
213826,1,M,M,"",Daumas
260631,1,M,M,"",Daumas
294249,0,M,M,"",Daumas
307003,0,M,M,"",Daumas
190056,1,A,A,"",Daumas
270924,1,A,A,"",Daumas
111832,3,L,L,"",Daumas
80372,5,A,A,S,Abe
122743,4,A,A,"",Abe
182624,7,A,A,"",Abe
244418,4,A,A,"",Abe
55776,2,C,C,"",Abe
62916,8,C,C,"",Abe
75366,3,C,C,"",Abe
158336,7,C,C,"",Abe
268592,25,C,C,"",Abe
275592,1,C,C,"",Abe
248539,5,C,C,M,Abe
56994,2,E,E,"",Abe
66312,1,E,E,"",Abe
173428,1,E,E,"",Abe
177291,3,E,E,"",Abe
181743,2,E,E,"",Abe
181981,4,E,E,"",Abe
184127,0,E,E,"",Abe
256630,1,E,E,"",Abe
5437,1,H,H,"",Abe
316790,1,H,H,"",Abe
243800,7,H,H,"",Abe
243800,4,H,H,"",Abe
130165,28,K,K,"",Abe
273217,1,K,K,"",Abe
258256,6,K,K,"",Abe
98948,1,K,K,"",Abe
150657,1,K,K,"",Abe
2533,7,L,L,"",Abe
2639,7,L,L,"",Abe
2876,1,L,L,"",Abe
34753,14,L,L,"",Abe
39382,12,L,L,"",Abe
59564,5,L,L,"",Abe
63956,13,L,L,"",Abe
84088,4,L,L,"",Abe
135574,0,L,L,"",Abe
146817,1,L,L,"",Abe
168944,6,L,L,"",Abe
203766,3,L,L,"",Abe
214574,1,L,L,"",Abe
219791,6,L,L,"",Abe
219794,6,L,L,"",Abe
219798,0,L,L,"",Abe
219800,3,L,L,"",Abe
250831,1,L,L,"",Abe
266987,4,L,L,"",Abe
310458,0,L,L,"",Abe
310916,11,L,L,"",Abe
313488,0,L,L,"",Abe
313493,8,L,L,"",Abe
314098,3,L,L,"",Abe
255195,1,M,M,"",Abe
262519,1,M,M,"",Abe
5154,4,M,M,"",Abe
62416,4,M,M,"",Abe
69739,3,M,M,"",Abe
126475,2,M,M,"",Abe
266189,11,M,M,"",Abe
283288,2,M,M,"",Abe
69437,14,M,M,"",Abe
238130,8,M,M,"",Abe
68949,2,O,O,"",Abe
34968,4,R,R,"",Abe
27303,3,S,S,Y,Abe
41841,3,S,S,Y,Abe
83612,0,S,S,Y,Abe
92737,1,S,S,Y,Abe
141505,0,S,S,Y,Abe
224058,40,S,S,"",Abe
282943,2,S,S,"",Abe
5542,0,S,S,"",Abe
31852,0,S,S,"",Abe
38000,0,S,S,"",Abe
38699,0,S,S,"",Abe
75048,0,S,S,"",Abe
92785,0,S,S,"",Abe
95069,0,S,S,"",Abe
96839,0,S,S,"",Abe
129298,0,S,S,"",Abe
155836,0,S,S,"",Abe
179819,1,S,S,"",Abe
195619,1,S,S,"",Abe
212290,1,S,S,"",Abe
218661,0,S,S,"",Abe
242856,0,S,S,"",Abe
253606,0,S,S,"",Abe
259784,0,S,S,"",Abe
260215,0,S,S,"",Abe
266394,0,S,S,"",Abe
269036,0,S,S,"",Abe
284443,0,S,S,"",Abe
33556,7,J,J,F,Allemand
57838,2,J,J,F,Allemand
83807,3,J,J,F,Allemand
110390,0,J,J,F,Allemand
111999,3,S,S,"",Abe
127377,494,T,T,"",Abe
135188,2,J,J,F,Allemand
137287,0,J,J,F,Allemand
179543,4,J,J,F,Allemand
215147,4,J,J,F,Allemand
247757,3,J,J,F,Allemand
277506,0,J,J,F,Allemand
281352,2,J,J,F,Allemand
284205,3,J,J,F,Allemand
292060,1,J,J,F,Allemand
7384,2,T,T,"",Abe
23794,8,T,T,"",Abe
204668,3,J,J,"",Allemand
207962,0,J,J,"",Allemand
306468,3,J,J,"",Allemand
185598,2,T,T,"",Abe
113291,499,T,T,"",Abe
196392,1,T,T,"",Abe
278316,0,T,T,"",Abe
238130,31,T,T,"",Abe
63111,0,Y,Y,"",Abe
131246,0,Y,Y,"",Abe
162066,0,Y,Y,"",Abe
169925,5,Y,Y,"",Abe
224954,2,Y,Y,"",Abe
243306,0,Y,Y,"",Abe
250321,1,Y,Y,"",Abe
286267,71,Y,Y,"",Abe
7502,2,M,M,"",Arlot
14337,2,M,M,E,Arlot
67472,2,M,M,E,Arlot
90110,1,M,M,"",Arlot
97745,0,M,M,E,Arlot
128546,1,M,M,"",Arlot
167555,0,M,M,E,Arlot
175644,2,M,M,E,Arlot
184000,1,M,M,"",Arlot
211474,0,M,M,E,Arlot
276814,2,M,M,E,Arlot
279894,5,M,M,"",Arlot
286272,1,M,M,"",Arlot
291572,2,M,M,"",Arlot
104292,4,R,R,"",Barba
65529,11,R,R,H,Barba
10351,6,R,R,"",Barba
10352,8,R,R,"",Barba
10353,6,R,R,"",Barba
10355,6,R,R,"",Barba
146033,3,R,R,"",Barba
15767,7,J,J,P,Bassand
17615,5,J,J,P,Bassand
20419,12,J,J,P,Bassand
30257,1,J,J,P,Bassand
63636,0,J,J,P,Bassand
72557,6,J,J,P,Bassand
73104,7,J,J,P,Bassand
76228,0,J,J,P,Bassand
82637,6,J,J,P,Bassand
84000,12,J,J,P,Bassand
87169,3,J,J,P,Bassand
87328,3,J,J,P,Bassand
91326,0,J,J,P,Bassand
93807,1,J,J,P,Bassand
98060,1,J,J,P,Bassand
104906,0,J,J,P,Bassand
109888,0,J,J,P,Bassand
115210,5,J,J,P,Bassand
124263,9,J,J,P,Bassand
124272,1,J,J,P,Bassand
124275,8,J,J,P,Bassand
124284,9,J,J,P,Bassand
154773,1,J,J,P,Bassand
160074,16,J,J,P,Bassand
160300,8,J,J,P,Bassand
164544,6,J,J,P,Bassand
164545,7,J,J,P,Bassand
176502,0,J,J,P,Bassand
176503,0,J,J,P,Bassand
188773,2,J,J,P,Bassand
194430,0,J,J,P,Bassand
194774,0,J,J,P,Bassand
199752,0,J,J,P,Bassand
210752,3,J,J,P,Bassand
210753,2,J,J,P,Bassand
213748,8,J,J,P,Bassand
214283,0,J,J,P,Bassand
218811,0,J,J,P,Bassand
230676,0,J,J,P,Bassand
235738,5,J,J,P,Bassand
241548,7,J,J,P,Bassand
243038,0,J,J,P,Bassand
249346,9,J,J,P,Bassand
249347,9,J,J,P,Bassand
252105,6,J,J,P,Bassand
252106,7,J,J,P,Bassand
252107,7,J,J,P,Bassand
275136,4,J,J,P,Bassand
282264,9,J,J,P,Bassand
282570,6,J,J,P,Bassand
286677,7,J,J,P,Bassand
286678,7,J,J,P,Bassand
287100,10,J,J,P,Bassand
288068,5,J,J,P,Bassand
292231,7,J,J,P,Bassand
292926,9,J,J,P,Bassand
12441,0,M,M,A,Bassetti
83446,2,M,M,A,Bassetti
87373,4,M,M,A,Bassetti
154207,4,M,M,"",Bassetti
160000,0,M,M,A,Bassetti
239137,2,M,M,A,Bassetti
20223,1,M,M,"",Bassetti
71189,2,M,M,"",Bassetti
14137,4,B,B,J,Blaise
29484,0,B,B,J,Blaise
34450,0,B,B,"",Blaise
40795,3,B,B,J,Blaise
153813,0,B,B,J,Blaise
174396,1,B,B,"",Blaise
259428,0,B,B,J,Blaise
278487,0,B,B,J,Blaise
38884,0,G,G,R,Chiron
216645,0,G,G,"",Chiron
262034,0,G,G,R,Chiron
10486,170,L,L,"",Eklund
20147,170,L,L,"",Eklund
178932,702,L,L,M,Eklund
178934,105,L,L,M,Eklund
178936,641,L,L,"",Eklund
75083,1,D,D,P,Gaillot
153443,1,D,D,"",Gaillot
159036,0,D,D,P,Gaillot
162668,2,D,D,P,Gaillot
176124,1,D,D,P,Gaillot
181413,5,D,D,P,Gaillot
192971,3,D,D,P,Gaillot
203399,0,D,D,P,Gaillot
207137,2,D,D,P,Gaillot
223200,2,D,D,P,Gaillot
223201,0,D,D,P,Gaillot
228073,2,D,D,P,Gaillot
233749,3,D,D,P,Gaillot
233750,0,D,D,P,Gaillot
63433,4,A,A,M,Godard
221731,2,A,A,M,Godard
20865,2,A,A,"",Godard
129553,6,A,A,"",Godard
173889,1,A,A,R,Gosse
307917,0,A,A,"",Gosse
315998,3,A,A,"",Gosse
315999,4,A,A,"",Gosse
14560,4,J,J,P,Jouet
21267,5,J,J,P,Jouet
25606,7,J,J,P,Jouet
34557,7,J,J,P,Jouet
34591,5,J,J,P,Jouet
49303,0,J,J,P,Jouet
75011,13,J,J,P,Jouet
82904,8,J,J,P,Jouet
82980,7,J,J,P,Jouet
83020,8,J,J,P,Jouet
83022,6,J,J,P,Jouet
97646,18,J,J,"",Jouet
97657,18,J,J,"",Jouet
99751,20,J,J,P,Jouet
110017,6,J,J,P,Jouet
110181,8,J,J,P,Jouet
131781,8,J,J,P,Jouet
155292,4,J,J,P,Jouet
157846,7,J,J,P,Jouet
159390,6,J,J,P,Jouet
159417,7,J,J,P,Jouet
159418,9,J,J,P,Jouet
159455,8,J,J,P,Jouet
159583,5,J,J,P,Jouet
159645,6,J,J,P,Jouet
159647,7,J,J,P,Jouet
191490,6,J,J,"",Jouet
191792,6,J,J,P,Jouet
191794,6,J,J,P,Jouet
191807,7,J,J,P,Jouet
191819,7,J,J,P,Jouet
207944,6,J,J,P,Jouet
207959,8,J,J,P,Jouet
240394,6,J,J,P,Jouet
240463,6,J,J,P,Jouet
262683,4,J,J,P,Jouet
263481,6,J,J,P,Jouet
271527,12,J,J,P,Jouet
282004,8,J,J,P,Jouet
290882,5,J,J,P,Jouet
12441,4,G,G,"",Jouet
54278,2,G,G,"",Jouet
83446,1,G,G,"",Jouet
122198,1,G,G,L,Jouet
154207,3,G,G,"",Jouet
160000,2,G,G,"",Jouet
166559,0,G,G,"",Jouet
239137,12,G,G,"",Jouet
271861,5,G,G,"",Jouet
292379,3,G,G,"",Jouet
19940,13,P,P,I,Karakiewicz
38662,1,P,P,I,Karakiewicz
47187,1,P,P,T,Karakiewicz
48687,11,P,P,I,Karakiewicz
51686,4,P,P,I,Karakiewicz
57160,10,P,P,"",Karakiewicz
64883,6,P,P,I,Karakiewicz
64902,3,P,P,I,Karakiewicz
67962,1,P,P,I,Karakiewicz
70409,14,P,P,I,Karakiewicz
73584,5,P,P,I,Karakiewicz
74920,2,P,P,"",Karakiewicz
75281,15,P,P,I,Karakiewicz
79175,9,P,P,I,Karakiewicz
80073,19,P,P,I,Karakiewicz
84812,0,P,P,I,Karakiewicz
88887,0,P,P,I,Karakiewicz
89447,0,P,P,I,Karakiewicz
93271,0,P,P,I,Karakiewicz
110000,0,P,P,"",Karakiewicz
110003,0,P,P,I,Karakiewicz
118956,0,P,P,I,Karakiewicz
120269,0,P,P,I,Karakiewicz
124950,1,P,P,I,Karakiewicz
125553,1,P,P,"",Karakiewicz
125554,1,P,P,"",Karakiewicz
125556,0,P,P,I,Karakiewicz
125557,0,P,P,I,Karakiewicz
125571,1,P,P,I,Karakiewicz
125577,0,P,P,I,Karakiewicz
125588,1,P,P,"",Karakiewicz
125589,0,P,P,I,Karakiewicz
125616,14,P,P,I,Karakiewicz
125628,13,P,P,I,Karakiewicz
155280,9,P,P,I,Karakiewicz
155641,0,P,P,I,Karakiewicz
159948,9,P,P,I,Karakiewicz
163723,11,P,P,I,Karakiewicz
166900,4,P,P,"",Karakiewicz
181309,2,P,P,I,Karakiewicz
188152,16,P,P,I,Karakiewicz
194561,8,P,P,I,Karakiewicz
199902,0,P,P,I,Karakiewicz
205432,26,P,P,I,Karakiewicz
208388,19,P,P,"",Karakiewicz
208391,0,P,P,I,Karakiewicz
208393,21,P,P,I,Karakiewicz
208394,0,P,P,I,Karakiewicz
216379,14,P,P,I,Karakiewicz
236225,12,P,P,I,Karakiewicz
236226,10,P,P,"",Karakiewicz
237029,9,P,P,I,Karakiewicz
238176,17,P,P,I,Karakiewicz
238177,0,P,P,I,Karakiewicz
242893,11,P,P,I,Karakiewicz
249350,13,P,P,I,Karakiewicz
250570,13,P,P,I,Karakiewicz
250571,9,P,P,I,Karakiewicz
253489,10,P,P,I,Karakiewicz
254253,3,P,P,"",Karakiewicz
255406,3,P,P,I,Karakiewicz
261037,15,P,P,I,Karakiewicz
261333,15,P,P,I,Karakiewicz
270280,10,P,P,I,Karakiewicz
270282,14,P,P,I,Karakiewicz
270781,16,P,P,"",Karakiewicz
272601,3,P,P,"",Karakiewicz
273796,19,P,P,I,Karakiewicz
282021,9,P,P,I,Karakiewicz
282022,12,P,P,I,Karakiewicz
282023,12,P,P,I,Karakiewicz
282113,9,P,P,I,Karakiewicz
291246,8,P,P,I,Karakiewicz
291262,7,P,P,I,Karakiewicz
291269,19,P,P,I,Karakiewicz
291270,13,P,P,I,Karakiewicz
293384,5,P,P,"",Karakiewicz
293543,12,P,P,I,Karakiewicz
294023,0,P,P,I,Karakiewicz
294024,6,P,P,I,Karakiewicz
294412,13,P,P,I,Karakiewicz
294637,2,P,P,I,Karakiewicz
295005,7,P,P,I,Karakiewicz
296081,9,P,P,I,Karakiewicz
299713,19,P,P,I,Karakiewicz
19641,2,J,J,L,Puget
19646,1,J,J,L,Puget
19647,60,J,J,L,Puget
19648,17,J,J,L,Puget
19650,19,J,J,L,Puget
19651,32,J,J,L,Puget
35515,15,J,J,L,Puget
37516,9,J,J,L,Puget
37528,2,J,J,L,Puget
98498,7,J,J,L,Puget
104295,3,J,J,L,Puget
109301,59,J,J,L,Puget
116615,5,J,J,L,Puget
199005,2,J,J,L,Puget
232720,3,J,J,L,Puget
242109,10,J,J,L,Puget
259615,3,J,J,"",Puget
137791,11,J,J,"",Puget
277991,0,J,J,"",Puget
17117,4,J,J,"",Puget
53583,5,J,J,"",Puget
74240,7,J,J,"",Puget
78558,5,J,J,"",Puget
86489,3,J,J,"",Puget
90000,4,J,J,"",Puget
91340,0,J,J,"",Puget
92656,0,J,J,"",Puget
105534,4,J,J,"",Puget
117211,5,J,J,"",Puget
132513,5,J,J,"",Puget
169052,9,J,J,"",Puget
169055,3,J,J,"",Puget
169062,12,J,J,"",Puget
198956,5,J,J,"",Puget
205972,3,J,J,"",Puget
244222,4,J,J,"",Puget
304945,5,J,J,"",Puget
305770,2,J,J,"",Puget
14043,6,L,L,"",Ades
15102,18,L,L,"",Ades
34564,5,L,L,"",Ades
60763,0,L,L,"",Ades
65119,0,L,L,"",Ades
75650,0,L,L,"",Ades
82750,34,L,L,"",Ades
82849,0,L,L,"",Ades
82850,1,L,L,"",Ades
82990,1,L,L,"",Ades
82991,1,L,L,"",Ades
84151,7,L,L,"",Ades
108452,4,L,L,"",Ades
109099,3,L,L,"",Ades
112561,13,L,L,"",Ades
112611,13,L,L,"",Ades
112626,1,L,L,"",Ades
114792,6,L,L,"",Ades
115503,4,L,L,"",Ades
116390,1,L,L,"",Ades
117846,1,L,L,"",Ades
119102,4,L,L,"",Ades
122690,8,L,L,"",Ades
155205,1,L,L,"",Ades
159475,1,L,L,"",Ades
159476,1,L,L,"",Ades
159532,27,L,L,"",Ades
159586,8,L,L,"",Ades
159613,18,L,L,"",Ades
159671,20,L,L,"",Ades
159679,12,L,L,"",Ades
159699,2,L,L,"",Ades
171658,1,L,L,"",Ades
172017,1,L,L,"",Ades
181250,4,L,L,"",Ades
184538,8,L,L,"",Ades
191750,27,L,L,"",Ades
191751,21,L,L,"",Ades
191801,8,L,L,"",Ades
191811,2,L,L,"",Ades
196149,0,L,L,"",Ades
207924,6,L,L,"",Ades
209187,1,L,L,"",Ades
210290,0,L,L,"",Ades
212972,0,L,L,"",Ades
213779,15,L,L,"",Ades
238232,1,L,L,"",Ades
240399,30,L,L,"",Ades
240400,0,L,L,"",Ades
240429,0,L,L,"",Ades
240430,20,L,L,"",Ades
240441,5,L,L,"",Ades
240491,16,L,L,"",Ades
240517,0,L,L,"",Ades
240560,25,L,L,"",Ades
240630,2,L,L,"",Ades
240631,4,L,L,"",Ades
240632,27,L,L,"",Ades
248328,9,L,L,"",Ades
255470,3,L,L,"",Ades
272151,19,L,L,"",Ades
273010,1,L,L,"",Ades
274288,20,L,L,"",Ades
274331,1,L,L,"",Ades
274353,23,L,L,"",Ades
274365,12,L,L,"",Ades
280006,1,L,L,"",Ades
280007,1,L,L,"",Ades
280009,12,L,L,"",Ades
280016,12,L,L,"",Ades
280024,13,L,L,"",Ades
280028,14,L,L,"",Ades
280029,12,A,A,"",Ades
280470,0,L,L,"",Ades
280799,8,L,L,"",Ades
283849,21,L,L,"",Ades
290848,8,L,L,"",Ades
290868,2,L,L,"",Ades
295399,2,L,L,"",Ades
26764,19,L,L,"",Ades
93970,21,L,L,C,Ades
189878,20,L,L,"",Ades
276367,20,L,L,"",Ades
282600,21,L,L,"",Ades
307275,16,L,L,C,Ades
308118,22,L,L,"",Ades
76563,14,K,K,"",Abe
10569,2,C,C,L,Garcia
57930,0,C,C,L,Garcia
74105,1,D,D,N,Muller
80412,6,D,D,N,Muller
89763,6,D,D,N,Muller
110754,2,D,D,N,Muller
187993,3,D,D,N,Muller
205685,14,D,D,N,Muller
288512,14,D,D,N,Muller
108007,2,G,G,J,Muller
7881,2,G,G,J,Muller
260182,2,H,H,G,Muller
28302,1,H,H,G,Muller
56416,1,H,H,G,Muller
133994,2,H,H,G,Muller
185052,6,H,H,G,Muller
195997,10,H,H,G,Muller
2068,145,J,J,E,Garcia
2069,142,J,J,E,Garcia
2094,145,J,J,E,Garcia
2976,145,J,J,E,Garcia
3001,146,J,J,E,Garcia
3002,155,J,J,E,Garcia
13713,155,J,J,E,Garcia
13753,146,J,J,E,Garcia
13756,145,J,J,E,Garcia
21861,154,J,J,E,Garcia
24209,155,J,J,E,Garcia
24225,155,J,J,E,Garcia
24240,145,J,J,E,Garcia
29273,155,J,J,E,Garcia
30175,155,J,J,E,Garcia
31661,154,J,J,E,Garcia
35106,155,J,J,E,Garcia
111564,165,J,J,E,Garcia
111565,168,J,J,E,Garcia
111598,166,J,J,E,Garcia
116936,165,J,J,E,Garcia
116937,167,J,J,E,Garcia
116938,167,J,J,E,Garcia
118393,167,J,J,E,Garcia
119069,167,J,J,E,Garcia
121966,167,J,J,E,Garcia
174544,156,J,J,E,Garcia
104433,6,J,J,F,Garcia
131774,12,J,J,F,Garcia
131775,6,J,J,F,Garcia
199131,7,J,J,F,Garcia
70514,15,J,J,M,Garcia
317315,3,J,J,M,Garcia
149498,2,J,J,M,Garcia
315642,2,J,J,M,Garcia
317322,2,J,J,M,Garcia
2081,1039,J,J,M,Garcia
5522,1006,J,J,M,Garcia
5532,1005,J,J,M,Garcia
6167,1234,J,J,M,Garcia
6168,1235,J,J,M,Garcia
6169,1236,J,J,M,Garcia
6171,1236,J,J,M,Garcia
6172,1238,J,J,M,Garcia
6173,1236,J,J,M,Garcia
6174,1236,J,J,M,Garcia
6175,1236,J,J,M,Garcia
6176,1236,J,J,M,Garcia
6177,1234,J,J,M,Garcia
6178,1236,J,J,M,Garcia
6179,1227,J,J,M,Garcia
6180,1235,J,J,M,Garcia
6181,1236,J,J,M,Garcia
6182,1236,J,J,M,Garcia
6183,1236,J,J,M,Garcia
6184,1236,J,J,M,Garcia
6185,1236,J,J,M,Garcia
8769,1038,J,J,M,Garcia
15640,1036,J,J,M,Garcia
24208,1008,J,J,M,Garcia
39457,1005,J,J,M,Garcia
39459,1006,J,J,M,Garcia
110936,1087,J,J,M,Garcia
18738,3,L,L,M,Garcia
39487,4,L,L,M,Garcia
50844,2,L,L,M,Garcia
52485,2,L,L,M,Garcia
56133,7,L,L,M,Garcia
95900,1,L,L,M,Garcia
95911,0,L,L,M,Garcia
96781,2,L,L,M,Garcia
126449,2,L,L,M,Garcia
196269,1,L,L,M,Garcia
200471,3,L,L,M,Garcia
267082,2,L,L,M,Garcia
68774,0,M,M,A,Garcia
77073,1,M,M,A,Garcia
56388,1,M,M,R,Garcia
252066,6,M,M,R,Garcia
16232,1,N,N,L,Garcia
248171,0,N,N,L,Garcia
286553,0,N,N,L,Garcia
561,0,P,P,J,Garcia
28876,11,P,P,J,Garcia
34715,10,P,P,J,Garcia
56234,5,P,P,J,Garcia
84040,10,P,P,J,Garcia
90834,1,P,P,J,Garcia
204450,1,P,P,J,Garcia
292830,4,P,P,J,Garcia
299202,3,P,P,J,Garcia
33766,0,P,P,Y,Garcia
33776,1,P,P,Y,Garcia
74386,1,P,P,Y,Garcia
126565,2,P,P,Y,Garcia
271550,1,P,P,Y,Garcia
7425,1,R,R,A,Garcia
7480,2,R,R,A,Garcia
7486,4,R,R,A,Garcia
7488,9,R,R,A,Garcia
7489,27,R,R,A,Garcia
10047,12,R,R,A,Garcia
15204,24,R,R,A,Garcia
15205,13,R,R,A,Garcia
31545,0,R,R,A,Garcia
37539,9,R,R,A,Garcia
37559,2,R,R,A,Garcia
43169,6,R,R,A,Garcia
58023,3,R,R,A,Garcia
58024,14,R,R,A,Garcia
58025,15,R,R,A,Garcia
58026,27,R,R,A,Garcia
62564,6,R,R,A,Garcia
63948,1,R,R,A,Garcia
66463,2,R,R,A,Garcia
74650,10,R,R,A,Garcia
168286,2,R,R,A,Garcia
253356,1,R,R,A,Garcia
259667,17,R,R,A,Garcia
310413,0,R,R,A,Garcia
310515,14,R,R,A,Garcia
310522,0,R,R,A,Garcia
2060,2018,R,R,M,Garcia
4169,2004,R,R,M,Garcia
5524,1745,R,R,M,Garcia
5525,1749,R,R,M,Garcia
5526,1592,R,R,M,Garcia
5527,1615,R,R,M,Garcia
5528,1614,R,R,M,Garcia
5533,1597,R,R,M,Garcia
20152,1989,R,R,M,Garcia
178932,1847,R,R,M,Garcia
211172,82,R,R,M,Garcia
5524,1593,S,S,M,Garcia
5525,1595,S,S,M,Garcia
8063,279,S,S,M,Garcia
173596,80,S,S,M,Garcia
178932,1676,S,S,M,Garcia
178934,266,S,S,M,Garcia
4749,0,A,A,C,Martin
8378,0,A,A,C,Martin
11786,4,A,A,C,Martin
198945,7,A,A,C,Martin
55751,1,A,A,R,Martin
109767,4,C,C,"",Rucker-Martin
259752,0,A,A,R,Martin
308020,0,A,A,R,Martin
238841,278,B,B,"",Martin
243290,24,B,B,"",Martin
44092,2,B,B,"",Martin
80347,3,B,B,"",Martin
115989,2,B,B,"",Martin
221658,7,B,B,"",Martin
237771,1,B,B,"",Martin
248915,0,B,B,"",Martin
266036,5,B,B,"",Martin
313421,1,B,B,"",Martin
285425,3,B,B,B,Martin
202183,4,C,C,"",Martin
217872,12,C,C,"",Martin
188725,6,C,C,"",Martin
221906,5,C,C,"",Martin
225330,2,C,C,"",Martin
71568,6,J,J,F,Muller
200987,1,J,J,F,Muller
290422,3,J,J,F,Muller
309170,5,J,J,F,Muller
22059,5,J,J,M,Muller
62194,3,J,J,M,Muller
96661,0,J,J,M,Muller
105751,3,J,J,M,Muller
105930,6,J,J,M,Muller
142799,0,J,J,M,Muller
162082,3,J,J,M,Muller
168357,3,J,J,M,Muller
185965,3,J,J,M,Muller
251560,3,J,J,M,Muller
251561,0,J,J,M,Muller
2689,1,J,J,M,Muller
2692,3,J,J,M,Muller
73767,4,J,J,M,Muller
76114,1,J,J,M,Muller
90571,1,J,J,M,Muller
144928,1,J,J,M,Muller
144929,2,J,J,M,Muller
156235,1,J,J,M,Muller
211143,1,J,J,M,Muller
220943,2,J,J,M,Muller
229074,2,J,J,M,Muller
229075,3,J,J,M,Muller
296250,2,J,J,M,Muller
13158,7,M,M,C,Muller
15104,3,M,M,C,Muller
30634,6,M,M,"",Muller
66530,6,M,M,C,Muller
69982,9,M,M,C,Muller
113626,13,M,M,C,Muller
123784,13,M,M,C,Muller
159408,3,M,M,C,Muller
159450,1,M,M,C,Muller
159516,6,M,M,C,Muller
235293,5,M,M,C,Muller
255468,1,M,M,C,Muller
272648,7,M,M,C,Muller
26672,6,M,M,H,Muller
219926,0,M,M,H,Muller
254360,0,M,M,H,Muller
154481,1,R,R,D,Muller
198508,0,R,R,D,Muller
259084,16,R,R,D,Muller
315158,10,D,D,"",Martin
235219,5,D,D,C,Martin
12476,1,D,D,P,Martin
80387,1,D,D,P,Martin
173538,13,D,D,P,Martin
201031,1,D,D,P,Martin
204416,8,D,D,P,Martin
204417,6,D,D,P,Martin
237812,1,D,D,P,Martin
279401,5,D,D,P,Martin
287397,6,D,D,P,Martin
271155,2,E,E,"",Martin
124185,2,E,E,"",Martin
127024,6,E,E,"",Martin
178096,1,E,E,"",Martin
198648,1,E,E,"",Martin
278403,3,E,E,"",Martin
25019,1,E,E,"",Martin
63332,2,E,E,"",Martin
221463,3,E,E,"",Martin
303646,1,E,E,"",Martin
1469,3,A,A,W,Thomas
98921,3,A,A,W,Thomas
234526,1,A,A,W,Thomas
32296,5,A,A,W,Thomas
124130,5,A,A,W,Thomas
172187,8,A,A,W,Thomas
293112,7,A,A,W,Thomas
234202,0,B,B,"",Thomas
261132,0,T,T,"",Bonnemains
6359,2,B,B,"",Thomas
271375,2,B,B,"",Thomas
281306,1,B,B,"",Thomas
6873,0,F,F,"",Martin
6874,9,F,F,"",Martin
18092,3,F,F,"",Martin
71520,3,F,F,"",Martin
218148,6,G,G,"",Martin
242882,0,G,G,"",Martin
281521,0,G,G,"",Martin
36409,0,G,G,"",Martin
285574,0,G,G,"",Martin
185491,1,G,G,B,Martin
268384,4,G,G,B,Martin
67204,2,H,H,"",Martin
185272,8,H,H,"",Martin
200718,3,H,H,"",Martin
252411,4,H,H,"",Martin
275660,8,H,H,"",Martin
504,4,I,I,"",Martin
175942,2,I,I,"",Martin
207386,3,I,I,"",Martin
214001,2,I,I,"",Martin
13750,393,I,I,W,Martin
25467,74,I,I,"",Martin
26871,74,I,I,"",Martin
38841,391,I,I,W,Martin
48998,364,I,I,W,Martin
53126,362,I,I,W,Martin
53127,364,I,I,W,Martin
63908,362,I,I,W,Martin
187238,230,I,I,"",Martin
203846,0,I,I,"",Martin
256142,263,I,I,W,Martin
258354,357,I,I,W,Martin
259079,0,I,I,W,Martin
65513,6,J,J,"",Martin
140837,4,J,J,"",Martin
140838,3,J,J,"",Martin
206175,7,J,J,"",Martin
209318,0,J,J,"",Martin
224738,4,J,J,"",Martin
308338,1,J,J,"",Martin
246823,0,J,J,"",Martin
248379,3,J,J,"",Martin
248864,0,J,J,"",Martin
131650,3,J,J,"",Martin
280165,2,J,J,"",Martin
245,2,J,J,"",Martin
43790,2,J,J,"",Martin
212438,1,J,J,"",Martin
224079,10,J,J,"",Martin
234345,1,J,J,"",Martin
244396,0,J,J,"",Martin
279320,2,J,J,"",Martin
286516,2,J,J,"",Martin
297443,1,J,J,"",Martin
308993,8,J,J,"",Martin
308997,5,J,J,"",Martin
318053,0,J,J,"",Martin
8989,13,J,J,M,Martin
28046,5,J,J,M,Martin
64735,0,J,J,M,Martin
76344,6,J,J,M,Martin
77815,4,J,J,M,Martin
170134,12,J,J,M,Martin
175081,6,J,J,M,Martin
179731,3,J,J,M,Martin
196512,5,J,J,M,Martin
201084,4,J,J,M,Martin
202235,3,J,J,M,Martin
234934,12,J,J,M,Martin
240038,12,J,J,M,Martin
273783,4,J,J,M,Martin
281269,4,J,J,M,Martin
282049,3,J,J,M,Martin
285036,1,J,J,M,Martin
297903,2,J,J,M,Martin
53882,2,J,J,"",Martin
69026,1,J,J,"",Martin
76447,3,J,J,M,Martin
215900,77,J,J,M,Martin
238861,1,J,J,"",Martin
255000,3,J,J,"",Martin
259645,88,J,J,M,Martin
259654,89,J,J,M,Martin
263227,171,J,J,M,Martin
13327,1,K,K,"",Thomas
33900,2,K,K,"",Thomas
43056,2,K,K,"",Thomas
69286,2,K,K,"",Thomas
140753,2,K,K,"",Thomas
209255,2,K,K,"",Thomas
275732,4,K,K,"",Thomas
69300,3,K,K,"",Thomas
235341,3,L,L,"",Thomas
287622,2,L,L,"",Thomas
248118,1,L,L,"",Thomas
297264,3,M,M,M,Martin
24509,3,N,N,F,Martin
76451,3,N,N,F,Martin
78298,1,N,N,F,Martin
87446,0,N,N,F,Martin
96424,0,N,N,F,Martin
118909,6,N,N,F,Martin
126997,3,N,N,F,Martin
154398,3,N,N,F,Martin
155174,2,N,N,F,Martin
160087,5,N,N,F,Martin
171821,6,N,N,F,Martin
242111,0,N,N,F,Martin
252925,5,N,N,F,Martin
266814,4,N,N,F,Martin
4979,9,P,P,M,Martin
16504,4,P,P,M,Martin
42180,0,P,P,M,Martin
42181,0,P,P,M,Martin
56433,8,P,P,M,Martin
118383,9,P,P,M,Martin
150289,5,P,P,M,Martin
157463,12,P,P,M,Martin
170001,2,P,P,M,Martin
179273,1,P,P,M,Martin
213710,9,P,P,M,Martin
231739,0,P,P,M,Martina
235685,13,P,P,M,Martin
240928,11,P,P,M,Martin
241871,4,P,P,M,Martin
248129,11,P,P,M,Martin
251011,6,P,P,M,Martin
251165,8,P,P,M,Martin
25703,6,A,A,A,Muller
49651,1,A,A,A,Muller
124029,2,A,A,A,Muller
288906,4,A,A,A,Muller
54786,3,A,A,H,Muller
64478,3,A,A,H,Muller
78378,10,A,A,H,Muller
83322,5,A,A,H,Muller
108519,7,A,A,H,Muller
121985,3,A,A,H,Muller
187183,5,A,A,H,Muller
203991,8,A,A,H,Muller
293576,6,A,A,H,Muller
310382,5,A,A,H,Muller
155521,1,A,A,J,Muller
187321,4,A,A,J,Muller
237082,2,A,A,J,Muller
263793,5,A,A,J,Muller
275571,2,A,A,J,Muller
278155,2,A,A,J,Muller
101644,1,C,C,A,Muller
108629,4,C,C,A,Muller
192690,2,C,C,A,Muller
240708,1,C,C,A,Muller
261887,5,C,C,A,Muller
268369,3,C,C,A,Muller
282649,3,C,C,A,Muller
19572,3,C,C,D,Muller
25318,1,C,C,D,Muller
47544,5,C,C,D,Muller
70254,1,C,C,D,Muller
84503,4,C,C,D,Muller
85183,4,C,C,D,Muller
87767,6,C,C,D,Muller
104757,3,C,C,D,Muller
128918,4,C,C,D,Muller
243755,3,C,C,D,Muller
12635,3,C,C,W,Muller
42460,3,C,C,W,Muller
68542,2,C,C,W,Muller
84576,7,C,C,W,Muller
123499,7,C,C,W,Muller
165419,9,C,C,W,Muller
201831,5,C,C,W,Muller
249592,12,C,C,W,Muller
263973,7,C,C,W,Muller
87329,4,D,D,J,Muller
116581,4,D,D,J,Muller
198470,5,D,D,J,Muller
201271,5,D,D,J,Muller
258262,7,D,D,J,Muller
83082,4,R,R,N,Muller
104360,5,R,R,N,Muller
188330,6,R,R,N,Muller
244056,9,R,R,N,Muller
258920,9,R,R,N,Muller
63528,1,R,R,R,Muller
63529,1,R,R,R,Muller
120658,1,R,R,R,Muller
125938,1,R,R,R,Muller
149313,1,R,R,R,Muller
116711,34,W,W,F,Muller
127373,7,W,W,F,Muller
167389,34,W,W,F,Muller
203179,32,W,W,F,Muller
213271,25,W,W,F,Muller
213686,24,W,W,F,Muller
220792,22,W,W,F,Muller
249943,4,W,W,F,Muller
280704,34,W,W,F,Muller
309367,34,W,W,F,Muller
16136,1,A,A,"",Thomas
94363,66,A,A,"",Thomas
121194,1,A,A,"",Thomas
205893,1,A,A,"",Thomas
225501,2,A,A,"",Thomas
244093,8,A,A,"",Thomas
254713,1,A,A,"",Thomas
257301,0,A,A,"",Thomas
257302,0,A,A,"",Thomas
282348,2,A,A,"",Thomas
309295,2,A,A,"",Thomas
216528,1,J,J,C,Thomas
109667,2,J,J,M,Thomas
161236,2,J,J,M,Thomas
185838,2,J,J,M,Thomas
315497,2,J,J,M,Thomas
56194,16,S,S,R,Thomas
34582,15,J,J,E,Wagner
39675,18,J,J,E,Wagner
54502,0,J,J,E,Wagner
82756,9,J,J,E,Wagner
82976,13,J,J,E,Wagner
159394,7,J,J,E,Wagner
240387,15,J,J,E,Wagner
286744,1,J,J,E,Wagner
297437,4,J,J,E,Wagner
27219,5,M,M,H,Wagner
135093,3,M,M,H,Wagner
151954,1,M,M,H,Wagner
276520,2,M,M,H,Wagner
5252,1,F,F,"",Martin
13517,3,F,F,"",Martin
218527,0,L,L,"",Martin
240892,2,L,L,"",Martin
1710,2,L,L,"",Martin
214650,2,L,L,"",Martin
255878,8,M,M,J,Martin
255879,5,M,M,J,Martin
255881,11,M,M,J,Martin
255882,9,M,M,J,Martin
30067,0,J,J,G,Ganascia
134269,1,J,J,G,Ganascia
137725,0,J,J,G,Ganascia
142422,0,J,J,G,Ganascia
144008,0,J,J,G,Ganascia
153501,1,J,J,G,Ganascia
187542,0,J,J,G,Ganascia
216767,0,J,J,G,Ganascia
218404,3,J,J,G,Ganascia
301999,2,J,J,G,Ganascia
306203,0,J,J,G,Ganascia
306959,1,J,J,G,Ganascia
